OTUID,Feature.ID,Kingdom,Phylum,Class,Order,Family,Genus,confidence
1bbef1070bedf0db507fb6c7b5c28fff,X1,k__Bacteria, p__Bacteroidetes, c__Bacteroidia, o__Bacteroidales, f__[Paraprevotellaceae], g__CF231,0.992602853
54843b106b5061dc17ca8f371d357b44,X2,k__Bacteria, p__Bacteroidetes, c__Bacteroidia, o__Bacteroidales, f__[Paraprevotellaceae], g__CF231,0.993359161
ff3c4e848cb548750221af3deb5389dc,X3,k__Bacteria, p__Bacteroidetes, c__Bacteroidia, o__Bacteroidales, f__[Paraprevotellaceae], g__CF231,0.994832256
646c18c31a1f6154773b7b8e64b5c658,X4,k__Bacteria, p__Bacteroidetes, c__Bacteroidia, o__Bacteroidales, f__[Paraprevotellaceae], g__CF231,0.984517124
5171cbfbcd1781f0d7e7a7bdb94fb126,X5,k__Bacteria, p__Bacteroidetes, c__Bacteroidia, o__Bacteroidales, f__[Paraprevotellaceae], g__CF231,0.979776601
74803c74b50392f83753468b9235c931,X6,k__Bacteria, p__Bacteroidetes, c__Bacteroidia, o__Bacteroidales, f__[Paraprevotellaceae], g__CF231,0.99512276
2a2bbfefccc170850029ee0b903a7301,X7,k__Bacteria, p__Bacteroidetes, c__Bacteroidia, o__Bacteroidales, f__[Paraprevotellaceae], g__CF231,0.987818244
b90340baf132ddf80f4a342d544f1b03,X8,k__Bacteria, p__Bacteroidetes, c__Bacteroidia, o__Bacteroidales, f__[Paraprevotellaceae], g__CF231,0.984429088
e305ca72b43b91c7a701c947a71ef4b7,X9,k__Bacteria, p__Bacteroidetes, c__Bacteroidia, o__Bacteroidales, f__[Paraprevotellaceae], g__CF231,0.988223349
ad4f3211c1c7fd39e69c4a22600a9475,X10,k__Bacteria, p__Bacteroidetes, c__Bacteroidia, o__Bacteroidales, f__[Paraprevotellaceae], g__CF231,0.982173434
5a3a6d477b5fb489d2f7317edcd9b9cc,X11,k__Bacteria, p__Bacteroidetes, c__Bacteroidia, o__Bacteroidales, f__[Paraprevotellaceae], g__CF231,0.982352109
cf32fb1a1851ffab51de8b752990d321,X12,k__Bacteria, p__Bacteroidetes, c__Bacteroidia, o__Bacteroidales, f__S24-7, g__,0.999999994
0f54807ebcdb7fa491db917beeb3595e,X13,k__Bacteria, p__Bacteroidetes, c__Bacteroidia, o__Bacteroidales, f__S24-7, g__,0.999999987
3440e49bbd5cc4432ab49dd963d49bcd,X14,k__Bacteria, p__Bacteroidetes, c__Bacteroidia, o__Bacteroidales, f__S24-7, g__,0.999999987
cc3ff094f1c3297ae1c88cab123ca109,X15,k__Bacteria, p__Bacteroidetes, c__Bacteroidia, o__Bacteroidales, f__S24-7, g__,0.999999976
de99c650af737e28dff50e5c852ebb84,X16,k__Bacteria, p__Bacteroidetes, c__Bacteroidia, o__Bacteroidales, f__S24-7, g__,0.999999979
280f71fdbdabf1d2c4fd57cb3e93ed43,X17,k__Bacteria, p__Bacteroidetes, c__Bacteroidia, o__Bacteroidales, f__S24-7, g__,0.999999953
37835e4fbbd6bb6b2f6dbbbad70f9372,X18,k__Bacteria, p__Bacteroidetes, c__Bacteroidia, o__Bacteroidales, f__S24-7, g__,0.999998558
439e4f84c2a2e0c0f39e67ceabe0632a,X19,k__Bacteria, p__Bacteroidetes, c__Bacteroidia, o__Bacteroidales, f__S24-7, g__,0.999999931
7a82038a2a87643382fdc201dacb1009,X20,k__Bacteria, p__Bacteroidetes, c__Bacteroidia, o__Bacteroidales, f__Bacteroidaceae, g__Bacteroides,0.988270845
97855d38c5ce75bc28db3201640ab0b2,X21,k__Bacteria, p__Bacteroidetes, c__Bacteroidia, o__Bacteroidales, f__Rikenellaceae, g__,0.855980078
88b905e812e0d73b7a740796f1969218,X22,k__Bacteria, p__Bacteroidetes, c__Bacteroidia, o__Bacteroidales, f__S24-7, g__,0.999999983
4c7ad9177b8f808b98713da6557b7bf1,X23,k__Bacteria, p__Bacteroidetes, c__Bacteroidia, o__Bacteroidales, f__S24-7, g__,0.999999716
4a9c16d3ce654f02a454cdea74b597bb,X24,k__Bacteria, p__Bacteroidetes, c__Bacteroidia, o__Bacteroidales, f__S24-7, g__,0.999999853
be43da52e9710f5f0179d39616a0cd02,X25,k__Bacteria, p__Bacteroidetes, c__Bacteroidia, o__Bacteroidales, f__S24-7, g__,0.999999947
b9c08a80084a5817a32ad811704367c4,X26,k__Bacteria, p__Bacteroidetes, c__Bacteroidia, o__Bacteroidales, f__S24-7, g__,0.999471848
af445601ff19932662af5c837b079065,X27,k__Bacteria, p__Bacteroidetes, c__Bacteroidia, o__Bacteroidales, f__S24-7, g__,0.999997296
e5180ec90317980d3120ca519bda5e5e,X28,k__Bacteria, p__Bacteroidetes, c__Bacteroidia, o__Bacteroidales, f__S24-7, g__,0.998824559
9262057290033adeed0ee63ad7d0870c,X29,k__Bacteria, p__Bacteroidetes, c__Bacteroidia, o__Bacteroidales, f__S24-7, g__,0.99999535
5316280028c25084443f731768aa5707,X30,k__Bacteria, p__Bacteroidetes, c__Bacteroidia, o__Bacteroidales, f__Bacteroidaceae, g__Bacteroides,0.983952226
030b340f702523604f24be192ae18439,X31,k__Bacteria, p__Bacteroidetes, c__Bacteroidia, o__Bacteroidales, f__S24-7, g__,0.999997551
ae6f858a33e49815fcd83690ada389c8,X32,k__Bacteria, p__Bacteroidetes, c__Bacteroidia, o__Bacteroidales, f__S24-7, g__,0.999999943
dd9638b9f5a15e2a9d6394ad04444d21,X33,k__Bacteria, p__Bacteroidetes, c__Bacteroidia, o__Bacteroidales, f__S24-7, g__,0.999999969
e3e20348b3527232a0c237f9d7811f3c,X34,k__Bacteria, p__Bacteroidetes, c__Bacteroidia, o__Bacteroidales, f__Rikenellaceae, g__,0.867124614
6822dc1497ea5724bc61e02b3cf0511f,X35,k__Bacteria, p__Bacteroidetes, c__Bacteroidia, o__Bacteroidales, f__S24-7, g__,0.999999769
2e644a61d0aedb0afba39a04177de7f4,X36,k__Bacteria, p__Bacteroidetes, c__Bacteroidia, o__Bacteroidales, f__S24-7, g__,0.999999803
0cc8dadc34650e1d79815b5f3fab5efe,X37,k__Bacteria, p__Bacteroidetes, c__Bacteroidia, o__Bacteroidales, f__S24-7, g__,0.999999456
35782ee448589c93a59ce4719dafc0f2,X38,k__Bacteria, p__Bacteroidetes, c__Bacteroidia, o__Bacteroidales, f__S24-7, g__,0.998580577
36c7395784ef4aee8b64edeb937ba621,X39,k__Bacteria, p__Deferribacteres, c__Deferribacteres, o__Deferribacterales, f__Deferribacteraceae, g__Mucispirillum,0.999999992
564bb4db498125e08f141d6e48c9dcc7,X40,k__Bacteria, p__Bacteroidetes, c__Bacteroidia, o__Bacteroidales, f__Bacteroidaceae, g__Bacteroides,0.960994246
66bbba590630ffe63f0c083472189619,X41,k__Bacteria, p__Bacteroidetes, c__Bacteroidia, o__Bacteroidales, f__S24-7, g__,0.999999883
9fb556645444d1f9d5c124e5c343ee7b,X42,k__Bacteria, p__Bacteroidetes, c__Bacteroidia, o__Bacteroidales, f__S24-7, g__,0.999999738
0c7ce3bfe1a4347ffec132b70d3833a9,X43,k__Bacteria, p__Bacteroidetes, c__Bacteroidia, o__Bacteroidales, f__S24-7, g__,0.999999781
d4a552739e270b6188e83103b91ef909,X44,k__Bacteria, p__Bacteroidetes, c__Bacteroidia, o__Bacteroidales, f__Bacteroidaceae, g__Bacteroides,0.969643747
562438981c3292e786f329b2c84e4cb7,X45,k__Bacteria, p__Deferribacteres, c__Deferribacteres, o__Deferribacterales, f__Deferribacteraceae, g__Mucispirillum,0.999999995
6fee28a58b63200768d9fdbfaa9ebea1,X46,k__Bacteria, p__Bacteroidetes, c__Bacteroidia, o__Bacteroidales, f__S24-7, g__,0.999176417
577c52c4a197b72ab9b700df942d53f8,X47,k__Bacteria, p__Bacteroidetes, c__Bacteroidia, o__Bacteroidales, f__S24-7, g__,0.999999492
e19798f8cfd40879dd24a317312bde7b,X48,k__Bacteria, p__Bacteroidetes, c__Bacteroidia, o__Bacteroidales, f__Prevotellaceae, g__Prevotella,0.9999762
e5e4068cb7d7c0101908b81c1106084c,X49,k__Bacteria, p__Bacteroidetes, c__Bacteroidia, o__Bacteroidales, f__S24-7, g__,0.999999941
40b98f89d88946c7fef1c79ce1ed80f8,X50,k__Bacteria, p__Bacteroidetes, c__Bacteroidia, o__Bacteroidales, f__S24-7, g__,0.9987811
0b2a2fd1108f186dc940c382e50a4846,X51,k__Bacteria, p__Bacteroidetes, c__Bacteroidia, o__Bacteroidales, f__S24-7, g__,0.999995898
932dcd7db9a5a0a103ad457d0b156708,X52,k__Bacteria, p__Bacteroidetes, c__Bacteroidia, o__Bacteroidales, f__S24-7, g__,0.999999741
fc340939384b5acd146d49441178af0e,X53,k__Bacteria, p__Bacteroidetes, c__Bacteroidia, o__Bacteroidales, f__S24-7, g__,0.999999959
b2c1c518a311037462a93c63f9dfdf95,X54,k__Bacteria, p__Firmicutes, c__Bacilli, o__Lactobacillales, f__Lactobacillaceae, g__Lactobacillus,0.879596202
f0238022104202ef0f46df5eee21eaf6,X55,k__Bacteria, p__Bacteroidetes, c__Bacteroidia, o__Bacteroidales, f__S24-7, g__,0.999999879
3ea92b169d61c716e986e62506994cdb,X56,k__Bacteria, p__Bacteroidetes, c__Bacteroidia, o__Bacteroidales, f__Bacteroidaceae, g__Bacteroides,0.985050823
59989e04214c6c92107da205d77fd75a,X57,k__Bacteria, p__Bacteroidetes, c__Bacteroidia, o__Bacteroidales, f__Bacteroidaceae, g__Bacteroides,0.980380016
fbd9cf7d3bc31c942a6499c91e061b6a,X58,k__Bacteria, p__Firmicutes, c__Bacilli, o__Lactobacillales, f__Lactobacillaceae, g__Lactobacillus,0.883863581
fec02dc924426ff759f6e00bf9d863ad,X59,k__Bacteria, p__Bacteroidetes, c__Bacteroidia, o__Bacteroidales, f__S24-7, g__,0.999999953
d72de21351327f57ef58860b9b39b81b,X60,k__Bacteria, p__Bacteroidetes, c__Bacteroidia, o__Bacteroidales, f__S24-7, g__,0.999978259
7bd0ac80d07d6f8fa2c963dfc59c31f2,X61,k__Bacteria, p__Bacteroidetes, c__Bacteroidia, o__Bacteroidales, f__Rikenellaceae, g__,0.802608477
6a126dc027a872af6bfe7fde7da6b492,X62,k__Bacteria, p__Bacteroidetes, c__Bacteroidia, o__Bacteroidales, f__S24-7, g__,0.999999949
e2016db4b16934f9f5dd4d170a365437,X63,k__Bacteria, p__Bacteroidetes, c__Bacteroidia, o__Bacteroidales, f__S24-7, g__,0.9999998
b4888df798f095ac7f14c614cc7a2a15,X64,k__Bacteria, p__Bacteroidetes, c__Bacteroidia, o__Bacteroidales, f__S24-7, g__,0.999999847
78f2a0e8a04135b8faff7e3ef1f9d88e,X65,k__Bacteria, p__Bacteroidetes, c__Bacteroidia, o__Bacteroidales, f__S24-7, g__,0.999999619
7c08724b21752e0ddb401a5a9a78554e,X66,k__Bacteria, p__Bacteroidetes, c__Bacteroidia, o__Bacteroidales, f__S24-7, g__,0.999999369
14aa1ed941114d87293f3a41fdca7ecd,X67,k__Bacteria, p__Bacteroidetes, c__Bacteroidia, o__Bacteroidales, f__S24-7, g__,0.999999595
dda8981fb4ba1813e13b6e63a8e26cd8,X68,k__Bacteria, p__Bacteroidetes, c__Bacteroidia, o__Bacteroidales, f__S24-7, g__,0.999999379
47efe892b8c48b5dd79f8bc3220443ca,X69,k__Bacteria, p__Bacteroidetes, c__Bacteroidia, o__Bacteroidales, f__S24-7, g__,0.999975267
7fd3cf7fb44c555f5cc0043be73104d8,X70,k__Bacteria, p__Bacteroidetes, c__Bacteroidia, o__Bacteroidales, f__S24-7, g__,0.999999969
20b09d01893b8fa0d699a4078565b7ef,X71,k__Bacteria, p__Bacteroidetes, c__Bacteroidia, o__Bacteroidales, f__S24-7, g__,0.999999207
9477eb2dee9e9d0bf0c8ae04c5ab9260,X72,k__Bacteria, p__Bacteroidetes, c__Bacteroidia, o__Bacteroidales, f__S24-7, g__,0.999999547
66666e2eba83ead26033d9a4a5edd08a,X73,k__Bacteria, p__Bacteroidetes, c__Bacteroidia, o__Bacteroidales, f__Rikenellaceae, g__,0.758644028
6f723b313dfe49e5e24e8273f0e69d06,X74,k__Bacteria, p__Bacteroidetes, c__Bacteroidia, o__Bacteroidales, f__Bacteroidaceae, g__Bacteroides,0.977206233
60f65c58b8bc5dd66ab5db5c4522f964,X75,k__Bacteria, p__Bacteroidetes, c__Bacteroidia, o__Bacteroidales, f__S24-7, g__,0.999986366
1c346134371daba583451f711fe76e1a,X76,k__Bacteria, p__Bacteroidetes, c__Bacteroidia, o__Bacteroidales, f__S24-7, g__,0.999999998
83b377e12edb5bbda2b8d41e1739799d,X77,k__Bacteria, p__Bacteroidetes, c__Bacteroidia, o__Bacteroidales, f__S24-7, g__,0.999999227
1552406084b0c0c1f3c2e5dd59265a9b,X78,k__Bacteria, p__Bacteroidetes, c__Bacteroidia, o__Bacteroidales, f__S24-7, g__,0.999999911
8f19d22ebcd241e17844dd9bf34c18ef,X79,k__Bacteria, p__Bacteroidetes, c__Bacteroidia, o__Bacteroidales, f__S24-7, g__,0.999999901
b734bb8187882c0b6042f08b266d289b,X80,k__Bacteria, p__Bacteroidetes, c__Bacteroidia, o__Bacteroidales, f__S24-7, g__,0.999978213
c3034f7a46ce932a7a3ef1255f9013dd,X81,k__Bacteria, p__Bacteroidetes, c__Bacteroidia, o__Bacteroidales, f__Bacteroidaceae, g__Bacteroides,0.952733927
a94ae003db4efaa9f3379eeef09d600a,X82,k__Bacteria, p__Bacteroidetes, c__Bacteroidia, o__Bacteroidales, f__S24-7, g__,0.999999975
56ec5cc4d0cb832b82c19eec85fb15d5,X83,k__Bacteria, p__Bacteroidetes, c__Bacteroidia, o__Bacteroidales, f__S24-7, g__,0.998114389
a768ef445da67c4bbf1c83a6aef3d643,X84,k__Bacteria, p__Bacteroidetes, c__Bacteroidia, o__Bacteroidales, f__S24-7, g__,0.999957787
422b0a2f5cff0e07d7622bb32bc50a60,X85,k__Bacteria, p__Bacteroidetes, c__Bacteroidia, o__Bacteroidales, f__S24-7, g__,0.999999517
0a5e1e76e629468d95cf7103e11cca8c,X86,k__Bacteria, p__Deferribacteres, c__Deferribacteres, o__Deferribacterales, f__Deferribacteraceae, g__Mucispirillum,0.999999988
b2277dc80154f9fa4959f5812d34ac5f,X87,k__Bacteria, p__Bacteroidetes, c__Bacteroidia, o__Bacteroidales, f__S24-7, g__,0.999999873
a981780d86465164f5ccce93bff9b789,X88,k__Bacteria, p__Bacteroidetes, c__Bacteroidia, o__Bacteroidales, f__S24-7, g__,0.999999321
699ac093197820865775e3a63392123b,X89,k__Bacteria, p__Bacteroidetes, c__Bacteroidia, o__Bacteroidales, f__S24-7, g__,0.999999242
204e510b011e864f299cf4993d478c85,X90,k__Bacteria, p__Bacteroidetes, c__Bacteroidia, o__Bacteroidales, f__Bacteroidaceae, g__Bacteroides,0.981935344
cb74f8bb7e9d69867067f18ae8850d0e,X91,k__Bacteria, p__Bacteroidetes, c__Bacteroidia, o__Bacteroidales, f__S24-7, g__,0.999999559
6b069274a2abb8ee3dfc7025d059b68b,X92,k__Bacteria, p__Bacteroidetes, c__Bacteroidia, o__Bacteroidales, f__S24-7, g__,0.999999411
39b44a0646335aecc771eb7d8d5fb921,X93,k__Bacteria, p__Bacteroidetes, c__Bacteroidia, o__Bacteroidales, f__S24-7, g__,0.999999998
c3a928d25543d20d1e561c9db95c8a66,X94,k__Bacteria, p__Deferribacteres, c__Deferribacteres, o__Deferribacterales, f__Deferribacteraceae, g__Mucispirillum,0.99999999
d2722b732f9ee6167db34ed6c94232b6,X95,k__Bacteria, p__Deferribacteres, c__Deferribacteres, o__Deferribacterales, f__Deferribacteraceae, g__Mucispirillum,0.999999996
118108e102c809deccf452084c5b5748,X96,k__Bacteria, p__Actinobacteria, c__Actinobacteria, o__Bifidobacteriales, f__Bifidobacteriaceae, g__Bifidobacterium,0.999797841
8a8f453c27cfdc48c0f1ec1df064f0e0,X97,k__Bacteria, p__Bacteroidetes, c__Bacteroidia, o__Bacteroidales, f__S24-7, g__,0.999948083
0b25ff0a69ccb93866917a823f656ecb,X98,k__Bacteria, p__Bacteroidetes, c__Bacteroidia, o__Bacteroidales, f__Bacteroidaceae, g__Bacteroides,0.973617923
479d827e7080273054d5eee9df534cd0,X99,k__Bacteria, p__Bacteroidetes, c__Bacteroidia, o__Bacteroidales, f__Bacteroidaceae, g__Bacteroides,0.97164625
da786ad5e1ccbea0303e67a2418737c4,X100,k__Bacteria, p__Bacteroidetes, c__Bacteroidia, o__Bacteroidales, f__S24-7, g__,0.99999925
26f30d52a432c32faa6d7d141ee3a18b,X101,k__Bacteria, p__Bacteroidetes, c__Bacteroidia, o__Bacteroidales, f__S24-7, g__,0.999999245
6475c47b748a82b4e2a02f04f942e9c2,X102,k__Bacteria, p__Firmicutes, c__Bacilli, o__Lactobacillales, f__Lactobacillaceae, g__Lactobacillus,0.879256557
c54baab6bd2aa64d75a9b647df7fc8ba,X103,k__Bacteria, p__Bacteroidetes, c__Bacteroidia, o__Bacteroidales, f__S24-7, g__,0.999949213
47e13ed5a6f8712dc0cd439dca1aa08c,X104,k__Bacteria, p__Bacteroidetes, c__Bacteroidia, o__Bacteroidales, f__S24-7, g__,0.999999266
49d0d7e93b41e4ce4b94977c249ae7ef,X105,k__Bacteria, p__Bacteroidetes, c__Bacteroidia, o__Bacteroidales, f__S24-7, g__,0.999999412
a1c837c6bf98326013d7e6a23be688ba,X106,k__Bacteria, p__Firmicutes, c__Bacilli, o__Lactobacillales, f__Lactobacillaceae, g__Lactobacillus,0.8717961
d128f82e71088e4388bee4610f4cf4de,X107,k__Bacteria, p__Firmicutes, c__Bacilli, o__Lactobacillales, f__Lactobacillaceae, g__Lactobacillus,0.877396084
aa85a46ae600176364457edfc6ae2014,X108,k__Bacteria, p__Bacteroidetes, c__Bacteroidia, o__Bacteroidales, f__Prevotellaceae, g__Prevotella,0.999958009
7513845831df8ed971745f71a4ac3fb1,X109,k__Bacteria, p__Firmicutes, c__Bacilli, o__Lactobacillales, f__Lactobacillaceae, g__Lactobacillus,0.882219693
bc3d4362a4202a212746fb992ef35d51,X110,k__Bacteria, p__Bacteroidetes, c__Bacteroidia, o__Bacteroidales, f__S24-7, g__,0.999986018
b00cdc369507236544dccb3804880bf0,X111,k__Bacteria, p__Bacteroidetes, c__Bacteroidia, o__Bacteroidales, f__S24-7, g__,0.997862979
775cc730ba255ad487e21b5050a032e7,X112,k__Bacteria, p__Deferribacteres, c__Deferribacteres, o__Deferribacterales, f__Deferribacteraceae, g__Mucispirillum,0.999999997
a101944cfe22d9ca0abe99f03b51979e,X113,k__Bacteria, p__Bacteroidetes, c__Bacteroidia, o__Bacteroidales, f__Bacteroidaceae, g__Bacteroides,0.957203293
a806f4b5cbda39695fa5af7029a1ef70,X114,k__Bacteria, p__Bacteroidetes, c__Bacteroidia, o__Bacteroidales, f__S24-7, g__,0.999999916
7dd186109500fdf8336153937b355042,X115,k__Bacteria, p__Bacteroidetes, c__Bacteroidia, o__Bacteroidales, f__S24-7, g__,0.99451671
0d697156cd5695480f8ac2012036bd30,X116,k__Bacteria, p__Bacteroidetes, c__Bacteroidia, o__Bacteroidales, f__S24-7, g__,0.99999983
f9b73ab4681e67d2ef74d706e6074134,X117,k__Bacteria, p__Firmicutes, c__Bacilli, o__Lactobacillales, f__Lactobacillaceae, g__Lactobacillus,0.881404264
40677315a80052365769b4fe4a08bb58,X118,k__Bacteria, p__Bacteroidetes, c__Bacteroidia, o__Bacteroidales, f__S24-7, g__,0.999999012
7405e70dbbe809a04a3a6a585a506592,X119,k__Bacteria, p__Bacteroidetes, c__Bacteroidia, o__Bacteroidales, f__S24-7, g__,0.999999946
80220c4ff96f8950628142a2e581fd1e,X120,k__Bacteria, p__Bacteroidetes, c__Bacteroidia, o__Bacteroidales, f__S24-7, g__,0.999999771
2d04c56322be32271ee897844ff844ec,X121,k__Bacteria, p__Bacteroidetes, c__Bacteroidia, o__Bacteroidales, f__S24-7, g__,0.99999778
34593bd017efc5340d8a2d64671c3efc,X122,k__Bacteria, p__Bacteroidetes, c__Bacteroidia, o__Bacteroidales, f__S24-7, g__,0.999999407
b152d979074da990d9b489280af52965,X123,k__Bacteria, p__Bacteroidetes, c__Bacteroidia, o__Bacteroidales, f__S24-7, g__,0.999920307
12fe30572e040f588e9fd11cd8524ad8,X124,k__Bacteria, p__Bacteroidetes, c__Bacteroidia, o__Bacteroidales, f__S24-7, g__,0.999999741
8c7e26b63087ee256be111b0093d6f3e,X125,k__Bacteria, p__Bacteroidetes, c__Bacteroidia, o__Bacteroidales, f__Prevotellaceae, g__Prevotella,0.99995705
fb3fc6723c3ed135648168e874291b8b,X126,k__Bacteria, p__Bacteroidetes, c__Bacteroidia, o__Bacteroidales, f__S24-7, g__,0.999999119
9a005f654d554847dd197ce28acd7476,X127,k__Bacteria, p__Bacteroidetes, c__Bacteroidia, o__Bacteroidales, f__Bacteroidaceae, g__Bacteroides,0.953975038
62f956bffd6dd11d727e7e05deb08add,X128,k__Bacteria, p__Bacteroidetes, c__Bacteroidia, o__Bacteroidales, f__S24-7, g__,0.999999169
308e2cd842a38e889cb29cc39670604a,X129,k__Bacteria, p__Bacteroidetes, c__Bacteroidia, o__Bacteroidales, f__S24-7, g__,0.999999452
871cf568d041427a5faf28dec39e9f1a,X130,k__Bacteria, p__Bacteroidetes, c__Bacteroidia, o__Bacteroidales, f__S24-7, g__,0.999999995
d6aa4703dcc37126784cace0f17fe204,X131,k__Bacteria, p__Bacteroidetes, c__Bacteroidia, o__Bacteroidales, f__S24-7, g__,0.999959841
683398d19cd86e3d4c6eca2ad9cb9d9d,X132,k__Bacteria, p__Bacteroidetes, c__Bacteroidia, o__Bacteroidales, f__Prevotellaceae, g__Prevotella,0.999977124
6cd3980e7cd587efaf7551ff2df4b377,X133,k__Bacteria, p__Bacteroidetes, c__Bacteroidia, o__Bacteroidales, f__S24-7, g__,0.999997785
f3cd6871041f059c8b3608e62a69b19b,X134,k__Bacteria, p__Bacteroidetes, c__Bacteroidia, o__Bacteroidales, f__S24-7, g__,0.999999397
37e0848ac386170603ffb706f4971fa6,X135,k__Bacteria, p__Firmicutes, c__Bacilli, o__Lactobacillales, f__Lactobacillaceae, g__Lactobacillus,0.881621872
ce8d166eac2f7d8c188a49987496132a,X136,k__Bacteria, p__Bacteroidetes, c__Bacteroidia, o__Bacteroidales, f__S24-7, g__,0.999999357
368534e4ba12b1880d2ca645975eaaee,X137,k__Bacteria, p__Bacteroidetes, c__Bacteroidia, o__Bacteroidales, f__S24-7, g__,0.999999936
b4a5ddff3bac30057aed6619ae3495c8,X138,k__Bacteria, p__Bacteroidetes, c__Bacteroidia, o__Bacteroidales, f__S24-7, g__,0.999998871
2caebef349ad9071b347ee889132bf16,X139,k__Bacteria, p__Bacteroidetes, c__Bacteroidia, o__Bacteroidales, f__Bacteroidaceae, g__Bacteroides,0.918287133
4293a84720569009161eb26dc6cba31c,X140,k__Bacteria, p__Bacteroidetes, c__Bacteroidia, o__Bacteroidales, f__S24-7, g__,0.999974888
58142a21a2ce875ecd97114427fad0b4,X141,k__Bacteria, p__Bacteroidetes, c__Bacteroidia, o__Bacteroidales, f__S24-7, g__,0.999939557
7cb6594e34ff2b92d963306ce75026d2,X142,k__Bacteria, p__Bacteroidetes, c__Bacteroidia, o__Bacteroidales, f__S24-7, g__,0.999971755
0a5539fc1f0a39865338cfa87471f9e5,X143,k__Bacteria, p__Bacteroidetes, c__Bacteroidia, o__Bacteroidales, f__S24-7, g__,0.999967742
82cab18a85ae8bbdfe9ce40bbe451a40,X144,k__Bacteria, p__Bacteroidetes, c__Bacteroidia, o__Bacteroidales, f__S24-7, g__,0.999999336
f42b579011c768251beae368856bdd63,X145,k__Bacteria, p__Bacteroidetes, c__Bacteroidia, o__Bacteroidales, f__Prevotellaceae, g__Prevotella,0.999957543
a43d99627a9f5227ca59ef788262709c,X146,k__Bacteria, p__Bacteroidetes, c__Bacteroidia, o__Bacteroidales, f__S24-7, g__,0.999940262
c9573ca9f79a60bebe180aa0e6b690cc,X147,k__Bacteria, p__Bacteroidetes, c__Bacteroidia, o__Bacteroidales, f__S24-7, g__,0.999947989
52d40ef8233eeae14230f3a6bca894f2,X148,k__Bacteria, p__Firmicutes, c__Bacilli, o__Lactobacillales, f__Lactobacillaceae, g__Lactobacillus,0.91464429
555d1b0301f45e832309bc3e605d343b,X149,k__Bacteria, p__Firmicutes, c__Bacilli, o__Lactobacillales, f__Lactobacillaceae, g__Lactobacillus,0.898484237
9ff00bb4afcb31850acf80e8bee165d8,X150,k__Bacteria, p__Bacteroidetes, c__Bacteroidia, o__Bacteroidales, f__S24-7, g__,0.999999925
6e1a89b33524e911a2fd887042520340,X151,k__Bacteria, p__Bacteroidetes, c__Bacteroidia, o__Bacteroidales, f__S24-7, g__,0.999983951
fcb584478e8e461079485a33b813844f,X152,k__Bacteria, p__Bacteroidetes, c__Bacteroidia, o__Bacteroidales, f__Prevotellaceae, g__Prevotella,0.999922245
5ce3cfc1986bb75f1c5caad13371560e,X153,k__Bacteria, p__Bacteroidetes, c__Bacteroidia, o__Bacteroidales, f__S24-7, g__,0.999975855
197dbf299ba610094ec0373d4032a520,X154,k__Bacteria, p__Bacteroidetes, c__Bacteroidia, o__Bacteroidales, f__S24-7, g__,0.999997097
07459a23004d839533d9cb04f3bda700,X155,k__Bacteria, p__Bacteroidetes, c__Bacteroidia, o__Bacteroidales, f__S24-7, g__,0.999999911
4558ab7a03aa8ef8fc229c91a617f4d9,X156,k__Bacteria, p__Actinobacteria, c__Actinobacteria, o__Bifidobacteriales, f__Bifidobacteriaceae, g__Bifidobacterium,0.999719991
f88e7637ec364e52e2f706914ba356fb,X157,k__Bacteria, p__Bacteroidetes, c__Bacteroidia, o__Bacteroidales, f__S24-7, g__,0.999999577
bdb2e15ceec8fffb7828937fc693cccf,X158,k__Bacteria, p__Bacteroidetes, c__Bacteroidia, o__Bacteroidales, f__S24-7, g__,0.999953849
e6b01b0ad4ed8bce1f814c169cbc3a0f,X159,k__Bacteria, p__Firmicutes, c__Bacilli, o__Lactobacillales, f__Lactobacillaceae, g__Lactobacillus,0.904130894
9b7931d08c62607249fe12c2b5769e79,X160,k__Bacteria, p__Bacteroidetes, c__Bacteroidia, o__Bacteroidales, f__S24-7, g__,0.999967117
4452885f601b589ea8a73c3b2e809558,X161,k__Bacteria, p__Bacteroidetes, c__Bacteroidia, o__Bacteroidales, f__S24-7, g__,0.999926546
fc9b91016b3b32f0c41f9a1e093bda80,X162,k__Bacteria, p__Bacteroidetes, c__Bacteroidia, o__Bacteroidales, f__S24-7, g__,0.999914469
d08ea27f7d751d71aef662d24ca84d62,X163,k__Bacteria, p__Bacteroidetes, c__Bacteroidia, o__Bacteroidales, f__S24-7, g__,0.999941781
12a99a655ea1b8de195d606164510143,X164,k__Bacteria, p__Firmicutes, c__Bacilli, o__Lactobacillales, f__Lactobacillaceae, g__Lactobacillus,0.906956779
add6feb7ab50d5292ffdc30d3d8cbcb7,X165,k__Bacteria, p__Firmicutes, c__Clostridia, o__Clostridiales, f__, g__,0.993677816
3e5c8bf7fcc6ac8b3583d8ea5c5ed52b,X166,k__Bacteria, p__Bacteroidetes, c__Bacteroidia, o__Bacteroidales, f__S24-7, g__,0.999956541
2fcfa1edfa38d4a8f337248ce5667dc5,X167,k__Bacteria, p__Bacteroidetes, c__Bacteroidia, o__Bacteroidales, f__S24-7, g__,0.999950068
a2c4afd5213886bde2df4b720b55f0b1,X168,k__Bacteria, p__Bacteroidetes, c__Bacteroidia, o__Bacteroidales, f__S24-7, g__,0.999999063
f6ab9905c1ae9135e96bfbf1df42f1a3,X169,k__Bacteria, p__Bacteroidetes, c__Bacteroidia, o__Bacteroidales, f__S24-7, g__,0.999948021
578d787ea76ac5f3e84a3dbf6ec1e94f,X170,k__Bacteria, p__Firmicutes, c__Bacilli, o__Lactobacillales, f__Lactobacillaceae, g__Lactobacillus,0.879581809
42264f85b88d55214c083f2afc749190,X171,k__Bacteria, p__Bacteroidetes, c__Bacteroidia, o__Bacteroidales, f__S24-7, g__,0.999938945
51e8edf671ca50b4fbc43f4c3ec9f50c,X172,k__Bacteria, p__Bacteroidetes, c__Bacteroidia, o__Bacteroidales, f__S24-7, g__,0.999999995
7fdcb69d17695ed0f869fde7ea0a45e4,X173,k__Bacteria, p__Bacteroidetes, c__Bacteroidia, o__Bacteroidales, f__S24-7, g__,0.999999995
c7378e96ee51ba53a0f9238c791bb6f1,X174,k__Bacteria, p__Bacteroidetes, c__Bacteroidia, o__Bacteroidales, f__Prevotellaceae, g__Prevotella,0.999933101
bd76b3bf06c313c1ff0c28a27411f377,X175,k__Bacteria, p__Bacteroidetes, c__Bacteroidia, o__Bacteroidales, f__S24-7, g__,0.999965458
1d50ba1b3f738ce7d2054ef0c39dc0d5,X176,k__Bacteria, p__Bacteroidetes, c__Bacteroidia, o__Bacteroidales, f__S24-7, g__,0.999998634
53cff25bf22ec0f1bf93f5d87888eb3a,X177,k__Bacteria, p__Actinobacteria, c__Actinobacteria, o__Bifidobacteriales, f__Bifidobacteriaceae, g__Bifidobacterium,0.999476183
c5a61c5fb97d83ce12aeea183f56628f,X178,k__Bacteria, p__Bacteroidetes, c__Bacteroidia, o__Bacteroidales, f__Bacteroidaceae, g__Bacteroides,0.951106333
c3e4bcdf3c0c098f667e70290a45333c,X179,k__Bacteria, p__Bacteroidetes, c__Bacteroidia, o__Bacteroidales, f__S24-7, g__,0.999941504
b96beaf149285190892f2b812436d6e1,X180,k__Bacteria, p__Bacteroidetes, c__Bacteroidia, o__Bacteroidales, f__S24-7, g__,0.99995507
4b97cbe0d243e108b5870789059ed0d7,X181,k__Bacteria, p__Bacteroidetes, c__Bacteroidia, o__Bacteroidales, f__S24-7, g__,0.999999996
6e70fa72e2dfa67e83ae0b2ccfb64afa,X182,k__Bacteria, p__Bacteroidetes, c__Bacteroidia, o__Bacteroidales, f__S24-7, g__,0.999955019
f98d979df04d330a67fb4e5b98ca104d,X183,k__Bacteria, p__Bacteroidetes, c__Bacteroidia, o__Bacteroidales, f__Prevotellaceae, g__Prevotella,0.999961168
689c12390c09b9a29cf4fb872b49edd9,X184,k__Bacteria, p__Firmicutes, c__Clostridia, o__Clostridiales, f__, g__,0.990494825
fb4ab06d1dfa87af3bbfa3cdfa43065e,X185,k__Bacteria, p__Bacteroidetes, c__Bacteroidia, o__Bacteroidales, f__S24-7, g__,0.999999987
5b11801bb8adfc9ff5e1a1960d96bc16,X186,k__Bacteria, p__Bacteroidetes, c__Bacteroidia, o__Bacteroidales, f__S24-7, g__,0.99997057
4b28010a343b8f259cd4e8f4c91672c8,X187,k__Bacteria, p__Bacteroidetes, c__Bacteroidia, o__Bacteroidales, f__S24-7, g__,0.999783795
c00da10f7b1c5103b343824f9ff5937b,X188,k__Bacteria, p__Actinobacteria, c__Actinobacteria, o__Bifidobacteriales, f__Bifidobacteriaceae, g__Bifidobacterium,0.999628221
f969f77024f652bdd33ca8aa4d348a91,X189,k__Bacteria, p__Bacteroidetes, c__Bacteroidia, o__Bacteroidales, f__S24-7, g__,0.999920754
7db509e298401edfc42514f0e35a48bd,X190,k__Bacteria, p__Bacteroidetes, c__Bacteroidia, o__Bacteroidales, f__S24-7, g__,0.999947241
31104eba47b7c647b4712e33dfeb786b,X191,k__Bacteria, p__Bacteroidetes, c__Bacteroidia, o__Bacteroidales, f__S24-7, g__,0.999999889
e2ef7cb559b4796a5ecbf979b2c6c47c,X192,k__Bacteria, p__Bacteroidetes, c__Bacteroidia, o__Bacteroidales, f__S24-7, g__,0.999945523
