sample-id,Plate,Well,Primer,Barcode,Mouse_Label,Mouse_Label_Cols,Sample_Type_Env,Mouse,Group_Name,Group,Sex,Genotype,Week,Cohort,Sample_Type,Group_Sample_Type,Group_Sample_Type_env,Section,Group_Week,Weight,Mouse_Week
500_10,Plate3,D08,806rcbc235,CTTAGTGCAGAACCGGACTACHVGGGTWild_TypeCTAAT,500_10,X500_10,feces,500,MaleWildType,Male_Wild_Type,Male,Wild_Type,10,B,feces,Male_Wild_Type_feces,Male_Wild_Type_feces_10,Feces,10_Male_Wild_Type,25.1,500_10
500_3,Plate1,F12,806rcbc71,CGTAATTGCCGCCCGGACTACHVGGGTWild_TypeCTAAT,500_3,X500_3,feces,500,MaleWildType,Male_Wild_Type,Male,Wild_Type,3,B,feces,Male_Wild_Type_feces,Male_Wild_Type_feces_3,Feces,3_Male_Wild_Type,11.9,500_3
505_10,Plate2,G08,806rcbc175,TCGTCAAACCCGCCGGACTACHVGGGTWild_TypeCTAAT,505_10,X505_10,feces,505,FemaleMutant,Female_Mutant,Female,Mutant,10,B,feces,Female_Mutant_feces,Female_Mutant_feces_10,Feces,10_Female_Mutant,23.45,505_10
505_3,Plate1,A12,806rcbc11,AATTGTGTCGGACCGGACTACHVGGGTWild_TypeCTAAT,505_3,X505_3,feces,505,FemaleMutant,Female_Mutant,Female,Mutant,3,B,feces,Female_Mutant_feces,Female_Mutant_feces_3,Feces,3_Female_Mutant,10.7,505_3
509_10,Plate3,B12,806rcbc215,GCAACGAACGAGCCGGACTACHVGGGTWild_TypeCTAAT,509_10,X509_10,feces,509,MaleMutant,Male_Mutant,Male,Mutant,10,B,feces,Male_Mutant_feces,Male_Mutant_feces_10,Feces,10_Male_Mutant,26.6,509_10
509_3,Plate1,E04,806rcbc51,CTATCTCCTGTCCCGGACTACHVGGGTWild_TypeCTAAT,509_3,X509_3,feces,509,MaleMutant,Male_Mutant,Male,Mutant,3,B,feces,Male_Mutant_feces,Male_Mutant_feces_3,Feces,3_Male_Mutant,12.6,509_3
510_10,Plate3,C01,806rcbc216,TGACTAATGGCCCCGGACTACHVGGGTWild_TypeCTAAT,510_10,X510_10,feces,510,MaleMutant,Male_Mutant,Male,Mutant,10,B,feces,Male_Mutant_feces,Male_Mutant_feces_10,Feces,10_Male_Mutant,21.2,510_10
510_3,Plate1,E05,806rcbc52,ACTCACAGGAATCCGGACTACHVGGGTWild_TypeCTAAT,510_3,X510_3,feces,510,MaleMutant,Male_Mutant,Male,Mutant,3,B,feces,Male_Mutant_feces,Male_Mutant_feces_3,Feces,3_Male_Mutant,11.45,510_3
515_10,Plate3,D09,806rcbc236,AATCTTGCGCCGCCGGACTACHVGGGTWild_TypeCTAAT,515_10,X515_10,feces,515,MaleWildType,Male_Wild_Type,Male,Wild_Type,10,B,feces,Male_Wild_Type_feces,Male_Wild_Type_feces_10,Feces,10_Male_Wild_Type,30.4,515_10
515_3,Plate1,G01,806rcbc72,GGTGACTAGTTCCCGGACTACHVGGGTWild_TypeCTAAT,515_3,X515_3,feces,515,MaleWildType,Male_Wild_Type,Male,Wild_Type,3,B,feces,Male_Wild_Type_feces,Male_Wild_Type_feces_3,Feces,3_Male_Wild_Type,14.15,515_3
517_10,Plate3,D10,806rcbc237,AGGATCAGGGAACCGGACTACHVGGGTWild_TypeCTAAT,517_10,X517_10,feces,517,MaleWildType,Male_Wild_Type,Male,Wild_Type,10,B,feces,Male_Wild_Type_feces,Male_Wild_Type_feces_10,Feces,10_Male_Wild_Type,22.4,517_10
517_3,Plate1,G02,806rcbc73,ATGGGTTCCGTCCCGGACTACHVGGGTWild_TypeCTAAT,517_3,X517_3,feces,517,MaleWildType,Male_Wild_Type,Male,Wild_Type,3,B,feces,Male_Wild_Type_feces,Male_Wild_Type_feces_3,Feces,3_Male_Wild_Type,9.7,517_3
518_10,Plate2,G10,806rcbc177,TTGATCCGGTAGCCGGACTACHVGGGTWild_TypeCTAAT,518_10,X518_10,feces,518,FemaleMutant,Female_Mutant,Female,Mutant,10,B,feces,Female_Mutant_feces,Female_Mutant_feces_10,Feces,10_Female_Mutant,29.25,518_10
518_3,Plate1,B02,806rcbc13,AGTCGAACGAGGCCGGACTACHVGGGTWild_TypeCTAAT,518_3,X518_3,feces,518,FemaleMutant,Female_Mutant,Female,Mutant,3,B,feces,Female_Mutant_feces,Female_Mutant_feces_3,Feces,3_Female_Mutant,12.5,518_3
519_10,Plate3,A03,806rcbc194,AGCCCTGCTACACCGGACTACHVGGGTWild_TypeCTAAT,519_10,X519_10,feces,519,FemaleWildType,Female_Wild_Type,Female,Wild_Type,10,B,feces,Female_Wild_Type_feces,Female_Wild_Type_feces_10,Feces,10_Female_Wild_Type,20.75,519_10
519_3,Plate1,C07,806rcbc30,AGATTGACCAACCCGGACTACHVGGGTWild_TypeCTAAT,519_3,X519_3,feces,519,FemaleWildType,Female_Wild_Type,Female,Wild_Type,3,B,feces,Female_Wild_Type_feces,Female_Wild_Type_feces_3,Feces,3_Female_Wild_Type,9.7,519_3
521_10,Plate3,A04,806rcbc195,CCTAACGGTCCACCGGACTACHVGGGTWild_TypeCTAAT,521_10,X521_10,feces,521,FemaleWildType,Female_Wild_Type,Female,Wild_Type,10,B,feces,Female_Wild_Type_feces,Female_Wild_Type_feces_10,Feces,10_Female_Wild_Type,24.3,521_10
521_3,Plate1,C08,806rcbc31,AGTTACGAGCTACCGGACTACHVGGGTWild_TypeCTAAT,521_3,X521_3,feces,521,FemaleWildType,Female_Wild_Type,Female,Wild_Type,3,B,feces,Female_Wild_Type_feces,Female_Wild_Type_feces_3,Feces,3_Female_Wild_Type,10.1,521_3
522_10,Plate3,A05,806rcbc196,CGCGCCTTAAACCCGGACTACHVGGGTWild_TypeCTAAT,522_10,X522_10,feces,522,FemaleWildType,Female_Wild_Type,Female,Wild_Type,10,B,feces,Female_Wild_Type_feces,Female_Wild_Type_feces_10,Feces,10_Female_Wild_Type,19.25,522_10
522_3,Plate1,C09,806rcbc32,GCATATGCACTGCCGGACTACHVGGGTWild_TypeCTAAT,522_3,X522_3,feces,522,FemaleWildType,Female_Wild_Type,Female,Wild_Type,3,B,feces,Female_Wild_Type_feces,Female_Wild_Type_feces_3,Feces,3_Female_Wild_Type,9.9,522_3
524_10,Plate3,D11,806rcbc238,AATAACTAGGGTCCGGACTACHVGGGTWild_TypeCTAAT,524_10,X524_10,feces,524,MaleWildType,Male_Wild_Type,Male,Wild_Type,10,B,feces,Male_Wild_Type_feces,Male_Wild_Type_feces_10,Feces,10_Male_Wild_Type,30.9,524_10
524_3,Plate1,G03,806rcbc74,TAGGCATGCTTGCCGGACTACHVGGGTWild_TypeCTAAT,524_3,X524_3,feces,524,MaleWildType,Male_Wild_Type,Male,Wild_Type,3,B,feces,Male_Wild_Type_feces,Male_Wild_Type_feces_3,Feces,3_Male_Wild_Type,14.6,524_3
528_10,Plate3,C02,806rcbc217,CGGGACACCCGACCGGACTACHVGGGTWild_TypeCTAAT,528_10,X528_10,feces,528,MaleMutant,Male_Mutant,Male,Mutant,10,B,feces,Male_Mutant_feces,Male_Mutant_feces_10,Feces,10_Male_Mutant,28.9,528_10
528_3,Plate1,E06,806rcbc53,ATGATGAGCCTCCCGGACTACHVGGGTWild_TypeCTAAT,528_3,X528_3,feces,528,MaleMutant,Male_Mutant,Male,Mutant,3,B,feces,Male_Mutant_feces,Male_Mutant_feces_3,Feces,3_Male_Mutant,12.5,528_3
532_10,Plate3,A06,806rcbc197,TATGGTACCCAGCCGGACTACHVGGGTWild_TypeCTAAT,532_10,X532_10,feces,532,FemaleWildType,Female_Wild_Type,Female,Wild_Type,10,B,feces,Female_Wild_Type_feces,Female_Wild_Type_feces_10,Feces,10_Female_Wild_Type,21.6,532_10
532_3,Plate1,C10,806rcbc33,CAACTCCCGTGACCGGACTACHVGGGTWild_TypeCTAAT,532_3,X532_3,feces,532,FemaleWildType,Female_Wild_Type,Female,Wild_Type,3,B,feces,Female_Wild_Type_feces,Female_Wild_Type_feces_3,Feces,3_Female_Wild_Type,11.35,532_3
534_10,Plate2,G09,806rcbc176,TAATCGGTGCCACCGGACTACHVGGGTWild_TypeCTAAT,534_10,X534_10,feces,534,FemaleMutant,Female_Mutant,Female,Mutant,10,B,feces,Female_Mutant_feces,Female_Mutant_feces_10,Feces,10_Female_Mutant,22.65,534_10
534_3,Plate1,B01,806rcbc12,TGCATACACTGGCCGGACTACHVGGGTWild_TypeCTAAT,534_3,X534_3,feces,534,FemaleMutant,Female_Mutant,Female,Mutant,3,B,feces,Female_Mutant_feces,Female_Mutant_feces_3,Feces,3_Female_Mutant,12,534_3
535_10,Plate3,C03,806rcbc218,CTGTCTATACTACCGGACTACHVGGGTWild_TypeCTAAT,535_10,X535_10,feces,535,MaleMutant,Male_Mutant,Male,Mutant,10,B,feces,Male_Mutant_feces,Male_Mutant_feces_10,Feces,10_Male_Mutant,30.8,535_10
535_3,Plate1,E07,806rcbc54,GTCGACAGAGGACCGGACTACHVGGGTWild_TypeCTAAT,535_3,X535_3,feces,535,MaleMutant,Male_Mutant,Male,Mutant,3,B,feces,Male_Mutant_feces,Male_Mutant_feces_3,Feces,3_Male_Mutant,13,535_3
536_10,Plate3,C04,806rcbc219,TATGCCAGAGATCCGGACTACHVGGGTWild_TypeCTAAT,536_10,X536_10,feces,536,MaleMutant,Male_Mutant,Male,Mutant,10,B,feces,Male_Mutant_feces,Male_Mutant_feces_10,Feces,10_Male_Mutant,22.1,536_10
536_3,Plate1,E08,806rcbc55,TGTCGCAAATAGCCGGACTACHVGGGTWild_TypeCTAAT,536_3,X536_3,feces,536,MaleMutant,Male_Mutant,Male,Mutant,3,B,feces,Male_Mutant_feces,Male_Mutant_feces_3,Feces,3_Male_Mutant,12.25,536_3
538_10,Plate2,G11,806rcbc178,CGGGTGTTTGCTCCGGACTACHVGGGTWild_TypeCTAAT,538_10,X538_10,feces,538,FemaleMutant,Female_Mutant,Female,Mutant,10,B,feces,Female_Mutant_feces,Female_Mutant_feces_10,Feces,10_Female_Mutant,35.3,538_10
538_3,Plate1,B03,806rcbc14,ACCAGTGACTCACCGGACTACHVGGGTWild_TypeCTAAT,538_3,X538_3,feces,538,FemaleMutant,Female_Mutant,Female,Mutant,3,B,feces,Female_Mutant_feces,Female_Mutant_feces_3,Feces,3_Female_Mutant,13.45,538_3
541_10,Plate3,D12,806rcbc239,TATTGCAGCAGCCCGGACTACHVGGGTWild_TypeCTAAT,541_10,X541_10,feces,541,MaleWildType,Male_Wild_Type,Male,Wild_Type,10,B,feces,Male_Wild_Type_feces,Male_Wild_Type_feces_10,Feces,10_Male_Wild_Type,31.05,541_10
541_3,Plate1,G04,806rcbc75,AACTAGTTCAGGCCGGACTACHVGGGTWild_TypeCTAAT,541_3,X541_3,feces,541,MaleWildType,Male_Wild_Type,Male,Wild_Type,3,B,feces,Male_Wild_Type_feces,Male_Wild_Type_feces_3,Feces,3_Male_Wild_Type,14.55,541_3
542_10,Plate2,G12,806rcbc179,TTGACCGCGGTTCCGGACTACHVGGGTWild_TypeCTAAT,542_10,X542_10,feces,542,FemaleMutant,Female_Mutant,Female,Mutant,10,B,feces,Female_Mutant_feces,Female_Mutant_feces_10,Feces,10_Female_Mutant,29.55,542_10
542_3,Plate1,B04,806rcbc15,GAATACCAAGTCCCGGACTACHVGGGTWild_TypeCTAAT,542_3,X542_3,feces,542,FemaleMutant,Female_Mutant,Female,Mutant,3,B,feces,Female_Mutant_feces,Female_Mutant_feces_3,Feces,3_Female_Mutant,9,542_3
547_10,Plate3,C05,806rcbc220,CGTTTGGAATGACCGGACTACHVGGGTWild_TypeCTAAT,547_10,X547_10,feces,547,MaleMutant,Male_Mutant,Male,Mutant,10,B,feces,Male_Mutant_feces,Male_Mutant_feces_10,Feces,10_Male_Mutant,26.95,547_10
547_3,Plate1,E09,806rcbc56,CATCCCTCTACTCCGGACTACHVGGGTWild_TypeCTAAT,547_3,X547_3,feces,547,MaleMutant,Male_Mutant,Male,Mutant,3,B,feces,Male_Mutant_feces,Male_Mutant_feces_3,Feces,3_Male_Mutant,12,547_3
548_10,Plate3,C06,806rcbc221,AAGAACTCATGACCGGACTACHVGGGTWild_TypeCTAAT,548_10,X548_10,feces,548,MaleMutant,Male_Mutant,Male,Mutant,10,B,feces,Male_Mutant_feces,Male_Mutant_feces_10,Feces,10_Male_Mutant,33.4,548_10
548_3,Plate1,E10,806rcbc57,TATACCGCTGCGCCGGACTACHVGGGTWild_TypeCTAAT,548_3,X548_3,feces,548,MaleMutant,Male_Mutant,Male,Mutant,3,B,feces,Male_Mutant_feces,Male_Mutant_feces_3,Feces,3_Male_Mutant,10.3,548_3
549_10,Plate3,A07,806rcbc198,TACAATATCTGTCCGGACTACHVGGGTWild_TypeCTAAT,549_10,X549_10,feces,549,FemaleWildType,Female_Wild_Type,Female,Wild_Type,10,B,feces,Female_Wild_Type_feces,Female_Wild_Type_feces_10,Feces,10_Female_Wild_Type,21.85,549_10
549_3,Plate1,C11,806rcbc34,TTGCGTTAGCAGCCGGACTACHVGGGTWild_TypeCTAAT,549_3,X549_3,feces,549,FemaleWildType,Female_Wild_Type,Female,Wild_Type,3,B,feces,Female_Wild_Type_feces,Female_Wild_Type_feces_3,Feces,3_Female_Wild_Type,11,549_3
553_10,Plate3,C07,806rcbc222,TGATATCGTCTTCCGGACTACHVGGGTWild_TypeCTAAT,553_10,X553_10,feces,553,MaleMutant,Male_Mutant,Male,Mutant,10,B,feces,Male_Mutant_feces,Male_Mutant_feces_10,Feces,10_Male_Mutant,26.15,553_10
553_3,Plate1,E11,806rcbc58,AGTTGAGGCATTCCGGACTACHVGGGTWild_TypeCTAAT,553_3,X553_3,feces,553,MaleMutant,Male_Mutant,Male,Mutant,3,B,feces,Male_Mutant_feces,Male_Mutant_feces_3,Feces,3_Male_Mutant,11.9,553_3
555_10,Plate3,E01,806rcbc240,TGATGTGCTAAGCCGGACTACHVGGGTWild_TypeCTAAT,555_10,X555_10,feces,555,MaleWildType,Male_Wild_Type,Male,Wild_Type,10,B,feces,Male_Wild_Type_feces,Male_Wild_Type_feces_10,Feces,10_Male_Wild_Type,27.45,555_10
555_3,Plate1,G05,806rcbc76,ATTCTGCCGAAGCCGGACTACHVGGGTWild_TypeCTAAT,555_3,X555_3,feces,555,MaleWildType,Male_Wild_Type,Male,Wild_Type,3,B,feces,Male_Wild_Type_feces,Male_Wild_Type_feces_3,Feces,3_Male_Wild_Type,10.85,555_3
562_10,Plate3,A08,806rcbc199,AATTTAGGTAGGCCGGACTACHVGGGTWild_TypeCTAAT,562_10,X562_10,feces,562,FemaleWildType,Female_Wild_Type,Female,Wild_Type,10,B,feces,Female_Wild_Type_feces,Female_Wild_Type_feces_10,Feces,10_Female_Wild_Type,21.45,562_10
562_3,Plate1,C12,806rcbc35,TACGAGCCCTAACCGGACTACHVGGGTWild_TypeCTAAT,562_3,X562_3,feces,562,FemaleWildType,Female_Wild_Type,Female,Wild_Type,3,B,feces,Female_Wild_Type_feces,Female_Wild_Type_feces_3,Feces,3_Female_Wild_Type,9.95,562_3
564_10,Plate2,H01,806rcbc180,GTGCAACCAATCCCGGACTACHVGGGTWild_TypeCTAAT,564_10,X564_10,feces,564,FemaleMutant,Female_Mutant,Female,Mutant,10,B,feces,Female_Mutant_feces,Female_Mutant_feces_10,Feces,10_Female_Mutant,34.55,564_10
564_3,Plate1,B05,806rcbc16,GTAGATCGTGTACCGGACTACHVGGGTWild_TypeCTAAT,564_3,X564_3,feces,564,FemaleMutant,Female_Mutant,Female,Mutant,3,B,feces,Female_Mutant_feces,Female_Mutant_feces_3,Feces,3_Female_Mutant,12.75,564_3
568_10,Plate3,E02,806rcbc241,GTAGTAGACCATCCGGACTACHVGGGTWild_TypeCTAAT,568_10,X568_10,feces,568,MaleWildType,Male_Wild_Type,Male,Wild_Type,10,B,feces,Male_Wild_Type_feces,Male_Wild_Type_feces_10,Feces,10_Male_Wild_Type,32.55,568_10
568_3,Plate1,G06,806rcbc77,AGCATGTCCCGTCCGGACTACHVGGGTWild_TypeCTAAT,568_3,X568_3,feces,568,MaleWildType,Male_Wild_Type,Male,Wild_Type,3,B,feces,Male_Wild_Type_feces,Male_Wild_Type_feces_3,Feces,3_Male_Wild_Type,13.3,568_3
571_10,Plate2,H02,806rcbc181,GCTTGAGCTTGACCGGACTACHVGGGTWild_TypeCTAAT,571_10,X571_10,feces,571,FemaleMutant,Female_Mutant,Female,Mutant,10,B,feces,Female_Mutant_feces,Female_Mutant_feces_10,Feces,10_Female_Mutant,22.6,571_10
571_3,Plate1,B06,806rcbc17,TAACGTGTGTGCCCGGACTACHVGGGTWild_TypeCTAAT,571_3,X571_3,feces,571,FemaleMutant,Female_Mutant,Female,Mutant,3,B,feces,Female_Mutant_feces,Female_Mutant_feces_3,Feces,3_Female_Mutant,10.65,571_3
572_10,Plate2,H03,806rcbc182,CGCTGTGGATTACCGGACTACHVGGGTWild_TypeCTAAT,572_10,X572_10,feces,572,FemaleMutant,Female_Mutant,Female,Mutant,10,B,feces,Female_Mutant_feces,Female_Mutant_feces_10,Feces,10_Female_Mutant,26.05,572_10
572_3,Plate1,B07,806rcbc18,CATTATGGCGTGCCGGACTACHVGGGTWild_TypeCTAAT,572_3,X572_3,feces,572,FemaleMutant,Female_Mutant,Female,Mutant,3,B,feces,Female_Mutant_feces,Female_Mutant_feces_3,Feces,3_Female_Mutant,11.4,572_3
573_10,Plate3,A09,806rcbc200,GACTCAACCAGTCCGGACTACHVGGGTWild_TypeCTAAT,573_10,X573_10,feces,573,FemaleWildType,Female_Wild_Type,Female,Wild_Type,10,B,feces,Female_Wild_Type_feces,Female_Wild_Type_feces_10,Feces,10_Female_Wild_Type,19.35,573_10
573_3,Plate1,D01,806rcbc36,CACTACGCTAGACCGGACTACHVGGGTWild_TypeCTAAT,573_3,X573_3,feces,573,FemaleWildType,Female_Wild_Type,Female,Wild_Type,3,B,feces,Female_Wild_Type_feces,Female_Wild_Type_feces_3,Feces,3_Female_Wild_Type,10.15,573_3
577_10,Plate2,H04,806rcbc183,CTGTCAGTGACCCCGGACTACHVGGGTWild_TypeCTAAT,577_10,X577_10,feces,577,FemaleMutant,Female_Mutant,Female,Mutant,10,B,feces,Female_Mutant_feces,Female_Mutant_feces_10,Feces,10_Female_Mutant,32.35,577_10
577_3,Plate1,B08,806rcbc19,CCAATACGCCTGCCGGACTACHVGGGTWild_TypeCTAAT,577_3,X577_3,feces,577,FemaleMutant,Female_Mutant,Female,Mutant,3,B,feces,Female_Mutant_feces,Female_Mutant_feces_3,Feces,3_Female_Mutant,12.9,577_3
578_10,Plate3,C08,806rcbc223,CGGTGACCTACTCCGGACTACHVGGGTWild_TypeCTAAT,578_10,X578_10,feces,578,MaleMutant,Male_Mutant,Male,Mutant,10,B,feces,Male_Mutant_feces,Male_Mutant_feces_10,Feces,10_Male_Mutant,32.9,578_10
578_3,Plate1,E12,806rcbc59,ACAATAGACACCCCGGACTACHVGGGTWild_TypeCTAAT,578_3,X578_3,feces,578,MaleMutant,Male_Mutant,Male,Mutant,3,B,feces,Male_Mutant_feces,Male_Mutant_feces_3,Feces,3_Male_Mutant,13.95,578_3
579_10,Plate3,E03,806rcbc242,AGTAAAGATCGTCCGGACTACHVGGGTWild_TypeCTAAT,579_10,X579_10,feces,579,MaleWildType,Male_Wild_Type,Male,Wild_Type,10,B,feces,Male_Wild_Type_feces,Male_Wild_Type_feces_10,Feces,10_Male_Wild_Type,22.15,579_10
579_3,Plate1,G07,806rcbc78,GTACGATATGACCCGGACTACHVGGGTWild_TypeCTAAT,579_3,X579_3,feces,579,MaleWildType,Male_Wild_Type,Male,Wild_Type,3,B,feces,Male_Wild_Type_feces,Male_Wild_Type_feces_3,Feces,3_Male_Wild_Type,11.1,579_3
580_10,Plate3,A10,806rcbc201,GCCTCTACGTCGCCGGACTACHVGGGTWild_TypeCTAAT,580_10,X580_10,feces,580,FemaleWildType,Female_Wild_Type,Female,Wild_Type,10,B,feces,Female_Wild_Type_feces,Female_Wild_Type_feces_10,Feces,10_Female_Wild_Type,19.65,580_10
580_3,Plate1,D02,806rcbc37,TGCAGTCCTCGACCGGACTACHVGGGTWild_TypeCTAAT,580_3,X580_3,feces,580,FemaleWildType,Female_Wild_Type,Female,Wild_Type,3,B,feces,Female_Wild_Type_feces,Female_Wild_Type_feces_3,Feces,3_Female_Wild_Type,11.75,580_3
584_10,Plate3,E04,806rcbc243,CTCGCCCTCGCCCCGGACTACHVGGGTWild_TypeCTAAT,584_10,X584_10,feces,584,MaleWildType,Male_Wild_Type,Male,Wild_Type,10,B,feces,Male_Wild_Type_feces,Male_Wild_Type_feces_10,Feces,10_Male_Wild_Type,28.2,584_10
584_3,Plate1,G08,806rcbc79,GTGGTGGTTTCCCCGGACTACHVGGGTWild_TypeCTAAT,584_3,X584_3,feces,584,MaleWildType,Male_Wild_Type,Male,Wild_Type,3,B,feces,Male_Wild_Type_feces,Male_Wild_Type_feces_3,Feces,3_Male_Wild_Type,14.15,584_3
590_10,Plate3,A11,806rcbc202,ACTACTGAGGATCCGGACTACHVGGGTWild_TypeCTAAT,590_10,X590_10,feces,590,FemaleWildType,Female_Wild_Type,Female,Wild_Type,10,B,feces,Female_Wild_Type_feces,Female_Wild_Type_feces_10,Feces,10_Female_Wild_Type,18.7,590_10
590_3,Plate1,D03,806rcbc38,ACCATAGCTCCGCCGGACTACHVGGGTWild_TypeCTAAT,590_3,X590_3,feces,590,FemaleWildType,Female_Wild_Type,Female,Wild_Type,3,B,feces,Female_Wild_Type_feces,Female_Wild_Type_feces_3,Feces,3_Female_Wild_Type,7.85,590_3
592_10,Plate3,A12,806rcbc203,AATTCACCTCCTCCGGACTACHVGGGTWild_TypeCTAAT,592_10,X592_10,feces,592,FemaleWildType,Female_Wild_Type,Female,Wild_Type,10,B,feces,Female_Wild_Type_feces,Female_Wild_Type_feces_10,Feces,10_Female_Wild_Type,20.35,592_10
592_3,Plate1,D04,806rcbc39,TCGACATCTCTTCCGGACTACHVGGGTWild_TypeCTAAT,592_3,X592_3,feces,592,FemaleWildType,Female_Wild_Type,Female,Wild_Type,3,B,feces,Female_Wild_Type_feces,Female_Wild_Type_feces_3,Feces,3_Female_Wild_Type,7.95,592_3